<?xml version="1.0" ?>
<LOG_ROOT>
	<PROJECT NAME="InstructionMemory">
		<CBX_INST_ENTRY INSTANCE_NAME="|InstructionMemory|lpm_mux:Mux25" CBX_FILE_NAME="mux_ooc.tdf"/>
		<CBX_INST_ENTRY INSTANCE_NAME="|InstructionMemory|lpm_mux:Mux43" CBX_FILE_NAME="mux_ooc.tdf"/>
		<CBX_INST_ENTRY INSTANCE_NAME="|InstructionMemory|lpm_mux:Mux61" CBX_FILE_NAME="mux_ooc.tdf"/>
		<CBX_INST_ENTRY INSTANCE_NAME="|InstructionMemory|lpm_mux:Mux7" CBX_FILE_NAME="mux_ooc.tdf"/>
		<CBX_INST_ENTRY INSTANCE_NAME="|InstructionMemory|lpm_mux:Mux26" CBX_FILE_NAME="mux_ooc.tdf"/>
		<CBX_INST_ENTRY INSTANCE_NAME="|InstructionMemory|lpm_mux:Mux44" CBX_FILE_NAME="mux_ooc.tdf"/>
		<CBX_INST_ENTRY INSTANCE_NAME="|InstructionMemory|lpm_mux:Mux62" CBX_FILE_NAME="mux_ooc.tdf"/>
		<CBX_INST_ENTRY INSTANCE_NAME="|InstructionMemory|lpm_mux:Mux8" CBX_FILE_NAME="mux_ooc.tdf"/>
		<CBX_INST_ENTRY INSTANCE_NAME="|InstructionMemory|lpm_mux:Mux18" CBX_FILE_NAME="mux_ooc.tdf"/>
		<CBX_INST_ENTRY INSTANCE_NAME="|InstructionMemory|lpm_mux:Mux27" CBX_FILE_NAME="mux_ooc.tdf"/>
		<CBX_INST_ENTRY INSTANCE_NAME="|InstructionMemory|lpm_mux:Mux36" CBX_FILE_NAME="mux_ooc.tdf"/>
		<CBX_INST_ENTRY INSTANCE_NAME="|InstructionMemory|lpm_mux:Mux45" CBX_FILE_NAME="mux_ooc.tdf"/>
		<CBX_INST_ENTRY INSTANCE_NAME="|InstructionMemory|lpm_mux:Mux54" CBX_FILE_NAME="mux_ooc.tdf"/>
		<CBX_INST_ENTRY INSTANCE_NAME="|InstructionMemory|lpm_mux:Mux63" CBX_FILE_NAME="mux_ooc.tdf"/>
		<CBX_INST_ENTRY INSTANCE_NAME="|InstructionMemory|lpm_mux:Mux9" CBX_FILE_NAME="mux_ooc.tdf"/>
		<CBX_INST_ENTRY INSTANCE_NAME="|InstructionMemory|lpm_mux:Mux19" CBX_FILE_NAME="mux_ooc.tdf"/>
		<CBX_INST_ENTRY INSTANCE_NAME="|InstructionMemory|lpm_mux:Mux28" CBX_FILE_NAME="mux_ooc.tdf"/>
		<CBX_INST_ENTRY INSTANCE_NAME="|InstructionMemory|lpm_mux:Mux37" CBX_FILE_NAME="mux_ooc.tdf"/>
		<CBX_INST_ENTRY INSTANCE_NAME="|InstructionMemory|lpm_mux:Mux46" CBX_FILE_NAME="mux_ooc.tdf"/>
		<CBX_INST_ENTRY INSTANCE_NAME="|InstructionMemory|lpm_mux:Mux55" CBX_FILE_NAME="mux_ooc.tdf"/>
		<CBX_INST_ENTRY INSTANCE_NAME="|InstructionMemory|lpm_mux:Mux64" CBX_FILE_NAME="mux_ooc.tdf"/>
		<CBX_INST_ENTRY INSTANCE_NAME="|InstructionMemory|lpm_mux:Mux29" CBX_FILE_NAME="mux_ooc.tdf"/>
		<CBX_INST_ENTRY INSTANCE_NAME="|InstructionMemory|lpm_mux:Mux38" CBX_FILE_NAME="mux_ooc.tdf"/>
		<CBX_INST_ENTRY INSTANCE_NAME="|InstructionMemory|lpm_mux:Mux47" CBX_FILE_NAME="mux_ooc.tdf"/>
		<CBX_INST_ENTRY INSTANCE_NAME="|InstructionMemory|lpm_mux:Mux56" CBX_FILE_NAME="mux_ooc.tdf"/>
		<CBX_INST_ENTRY INSTANCE_NAME="|InstructionMemory|lpm_mux:Mux65" CBX_FILE_NAME="mux_ooc.tdf"/>
		<CBX_INST_ENTRY INSTANCE_NAME="|InstructionMemory|lpm_mux:Mux39" CBX_FILE_NAME="mux_ooc.tdf"/>
		<CBX_INST_ENTRY INSTANCE_NAME="|InstructionMemory|lpm_mux:Mux48" CBX_FILE_NAME="mux_ooc.tdf"/>
		<CBX_INST_ENTRY INSTANCE_NAME="|InstructionMemory|lpm_mux:Mux57" CBX_FILE_NAME="mux_ooc.tdf"/>
		<CBX_INST_ENTRY INSTANCE_NAME="|InstructionMemory|lpm_mux:Mux66" CBX_FILE_NAME="mux_ooc.tdf"/>
		<CBX_INST_ENTRY INSTANCE_NAME="|InstructionMemory|lpm_mux:Mux49" CBX_FILE_NAME="mux_ooc.tdf"/>
		<CBX_INST_ENTRY INSTANCE_NAME="|InstructionMemory|lpm_mux:Mux58" CBX_FILE_NAME="mux_ooc.tdf"/>
		<CBX_INST_ENTRY INSTANCE_NAME="|InstructionMemory|lpm_mux:Mux67" CBX_FILE_NAME="mux_ooc.tdf"/>
		<CBX_INST_ENTRY INSTANCE_NAME="|InstructionMemory|lpm_mux:Mux59" CBX_FILE_NAME="mux_ooc.tdf"/>
		<CBX_INST_ENTRY INSTANCE_NAME="|InstructionMemory|lpm_mux:Mux68" CBX_FILE_NAME="mux_ooc.tdf"/>
		<CBX_INST_ENTRY INSTANCE_NAME="|InstructionMemory|lpm_mux:Mux0" CBX_FILE_NAME="mux_ooc.tdf"/>
		<CBX_INST_ENTRY INSTANCE_NAME="|InstructionMemory|lpm_mux:Mux1" CBX_FILE_NAME="mux_ooc.tdf"/>
		<CBX_INST_ENTRY INSTANCE_NAME="|InstructionMemory|lpm_mux:Mux10" CBX_FILE_NAME="mux_ooc.tdf"/>
		<CBX_INST_ENTRY INSTANCE_NAME="|InstructionMemory|lpm_mux:Mux11" CBX_FILE_NAME="mux_ooc.tdf"/>
		<CBX_INST_ENTRY INSTANCE_NAME="|InstructionMemory|lpm_mux:Mux2" CBX_FILE_NAME="mux_ooc.tdf"/>
		<CBX_INST_ENTRY INSTANCE_NAME="|InstructionMemory|lpm_mux:Mux20" CBX_FILE_NAME="mux_ooc.tdf"/>
		<CBX_INST_ENTRY INSTANCE_NAME="|InstructionMemory|lpm_mux:Mux12" CBX_FILE_NAME="mux_ooc.tdf"/>
		<CBX_INST_ENTRY INSTANCE_NAME="|InstructionMemory|lpm_mux:Mux21" CBX_FILE_NAME="mux_ooc.tdf"/>
		<CBX_INST_ENTRY INSTANCE_NAME="|InstructionMemory|lpm_mux:Mux3" CBX_FILE_NAME="mux_ooc.tdf"/>
		<CBX_INST_ENTRY INSTANCE_NAME="|InstructionMemory|lpm_mux:Mux30" CBX_FILE_NAME="mux_ooc.tdf"/>
		<CBX_INST_ENTRY INSTANCE_NAME="|InstructionMemory|lpm_mux:Mux13" CBX_FILE_NAME="mux_ooc.tdf"/>
		<CBX_INST_ENTRY INSTANCE_NAME="|InstructionMemory|lpm_mux:Mux22" CBX_FILE_NAME="mux_ooc.tdf"/>
		<CBX_INST_ENTRY INSTANCE_NAME="|InstructionMemory|lpm_mux:Mux31" CBX_FILE_NAME="mux_ooc.tdf"/>
		<CBX_INST_ENTRY INSTANCE_NAME="|InstructionMemory|lpm_mux:Mux4" CBX_FILE_NAME="mux_ooc.tdf"/>
		<CBX_INST_ENTRY INSTANCE_NAME="|InstructionMemory|lpm_mux:Mux40" CBX_FILE_NAME="mux_ooc.tdf"/>
		<CBX_INST_ENTRY INSTANCE_NAME="|InstructionMemory|lpm_mux:Mux14" CBX_FILE_NAME="mux_ooc.tdf"/>
		<CBX_INST_ENTRY INSTANCE_NAME="|InstructionMemory|lpm_mux:Mux23" CBX_FILE_NAME="mux_ooc.tdf"/>
		<CBX_INST_ENTRY INSTANCE_NAME="|InstructionMemory|lpm_mux:Mux32" CBX_FILE_NAME="mux_ooc.tdf"/>
		<CBX_INST_ENTRY INSTANCE_NAME="|InstructionMemory|lpm_mux:Mux41" CBX_FILE_NAME="mux_ooc.tdf"/>
		<CBX_INST_ENTRY INSTANCE_NAME="|InstructionMemory|lpm_mux:Mux5" CBX_FILE_NAME="mux_ooc.tdf"/>
		<CBX_INST_ENTRY INSTANCE_NAME="|InstructionMemory|lpm_mux:Mux50" CBX_FILE_NAME="mux_ooc.tdf"/>
		<CBX_INST_ENTRY INSTANCE_NAME="|InstructionMemory|lpm_mux:Mux15" CBX_FILE_NAME="mux_ooc.tdf"/>
		<CBX_INST_ENTRY INSTANCE_NAME="|InstructionMemory|lpm_mux:Mux24" CBX_FILE_NAME="mux_ooc.tdf"/>
		<CBX_INST_ENTRY INSTANCE_NAME="|InstructionMemory|lpm_mux:Mux33" CBX_FILE_NAME="mux_ooc.tdf"/>
		<CBX_INST_ENTRY INSTANCE_NAME="|InstructionMemory|lpm_mux:Mux42" CBX_FILE_NAME="mux_ooc.tdf"/>
		<CBX_INST_ENTRY INSTANCE_NAME="|InstructionMemory|lpm_mux:Mux51" CBX_FILE_NAME="mux_ooc.tdf"/>
		<CBX_INST_ENTRY INSTANCE_NAME="|InstructionMemory|lpm_mux:Mux6" CBX_FILE_NAME="mux_ooc.tdf"/>
		<CBX_INST_ENTRY INSTANCE_NAME="|InstructionMemory|lpm_mux:Mux60" CBX_FILE_NAME="mux_ooc.tdf"/>
		<CBX_INST_ENTRY INSTANCE_NAME="|InstructionMemory|lpm_mux:Mux16" CBX_FILE_NAME="mux_ooc.tdf"/>
		<CBX_INST_ENTRY INSTANCE_NAME="|InstructionMemory|lpm_mux:Mux34" CBX_FILE_NAME="mux_ooc.tdf"/>
		<CBX_INST_ENTRY INSTANCE_NAME="|InstructionMemory|lpm_mux:Mux52" CBX_FILE_NAME="mux_ooc.tdf"/>
		<CBX_INST_ENTRY INSTANCE_NAME="|InstructionMemory|lpm_mux:Mux17" CBX_FILE_NAME="mux_ooc.tdf"/>
		<CBX_INST_ENTRY INSTANCE_NAME="|InstructionMemory|lpm_mux:Mux35" CBX_FILE_NAME="mux_ooc.tdf"/>
		<CBX_INST_ENTRY INSTANCE_NAME="|InstructionMemory|lpm_mux:Mux53" CBX_FILE_NAME="mux_ooc.tdf"/>
	</PROJECT>
</LOG_ROOT>
